County,Year,UTFVI
Baker,,0.00044075977963315934
Baker,,-0.011292431562104296
Baker,,-0.002547860244678797
