Category,Change
Stronger Cooling,-7.670648091267161
Weak Cooling,7.518557634591909
Weak UHI,5.319082252806748
Moderate UHI,-4.6025742291475815
Stronger UHI,-5.09080052468639
