Category,Change
Stronger Cooling,4.934357569863378
Weak Cooling,-3.126179693226069
Weak UHI,-6.437246175897858
Moderate UHI,2.9477284241945103
Stronger UHI,-0.9575601001663792
