Category,Change
Stronger Cooling,1.7207176304230138
Weak Cooling,-5.2716140210033355
Weak UHI,-6.959174512235528
Moderate UHI,7.182168596053332
Stronger UHI,7.45011252919295
