Category,Change
Stronger Cooling,-2.0073580984422
Weak Cooling,7.211428902558659
Weak UHI,3.7119030689824815
Moderate UHI,1.5785357471525856
Stronger UHI,-5.503701752921016
