Category,Change
Stronger Cooling,-5.065527842345059
Weak Cooling,-3.1321241126473964
Weak UHI,0.39610290611580545
Moderate UHI,-1.0888797017261478
Stronger UHI,-3.3403337568313294
