Category,Change
Stronger Cooling,-6.047388242483539
Weak Cooling,-0.07716943821967703
Weak UHI,-7.449783662156506
Moderate UHI,6.549126433260513
Stronger UHI,-3.8595202943997293
