Category,Change
Stronger Cooling,2.6003565496637115
Weak Cooling,-3.0126227825694247
Weak UHI,0.321088338844973
Moderate UHI,0.7473644694924744
Stronger UHI,-5.042328711591567
