Category,Change
Stronger Cooling,-5.504087674620758
Weak Cooling,-7.070662205308809
Weak UHI,5.858818332398963
Moderate UHI,1.6178401878913409
Stronger UHI,3.329161244736728
