Category,Change
Stronger Cooling,1.7896463155580715
Weak Cooling,-5.768098229567331
Weak UHI,-3.3256856234365095
Moderate UHI,-2.1382105073009328
Stronger UHI,-0.7028802525274251
