Category,Change
Stronger Cooling,4.562815382288218
Weak Cooling,-4.805219485466244
Weak UHI,0.22775101461778569
Moderate UHI,1.4786331017926795
Stronger UHI,-7.256793396480036
